{"bbox_matrix":[[50,-4.166666666666666,0],[0,88.14814814814815,0],[50,4.166666666666666,0],[0,96.48148148148148,0]],"native_resolution":[2160,1080]}