{"bbox_matrix":[[50,-30.185185185185187,0],[0,65.92592592592597,0],[50,-1.6666666666666667,0],[0,74.90740740740743,0]],"native_resolution":[2160,1080]}