{"bbox_matrix":[[50,-14.25925925925926,0],[0,66.20370370370374,0],[50,14.25925925925926,0],[0,75.64814814814815,0]],"native_resolution":[2160,1080]}