{"bbox_matrix":[[50,-3.9814814814815023,0],[0,90.55555555555557,0],[50,3.981481481481482,0],[0,98.61111111111111,0]],"native_resolution":[2160,1080]}