{"bbox_matrix":[[50,-78.88888888888889,0],[0,48.98148148148148,0],[50,-69.9074074074074,0],[0,61.66666666666667,0]],"native_resolution":[2160,1080]}