{"bbox_matrix":[[0,96.75925925925924,0],[0,71.66666666666669,0],[0,106.20370370370371,0],[0,75.37037037037038,0]],"native_resolution":[2160,1080]}