{"bbox_matrix":[[50,-47.96296296296296,0],[0,77.40740740740742,0],[50,-31.203703703703706,0],[0,82.59259259259261,0]],"native_resolution":[2160,1080]}