{"bbox_matrix":[[50,-60.18518518518518,0],[0,65.27777777777779,0],[50,-43.425925925925924,0],[0,70.46296296296296,0]],"native_resolution":[2160,1080]}