{"bbox_matrix":[[100,-46.94444444444444,0],[0,47.77777777777778,0],[100,-26.944444444444443,0],[0,53.148148148148145,0]],"native_resolution":[2160,1080]}