{"bbox_matrix":[[100,-41.66666666666667,0],[0,87.962962962963,0],[100,-35.37037037037037,0],[0,94.9074074074074,0]],"native_resolution":[1920,1080]}