{"bbox_matrix":[[100,-46.666666666666664,0],[0,56.01851851851853,0],[100,-26.666666666666668,0],[0,61.38888888888891,0]],"native_resolution":[2160,1080]}