{"bbox_matrix":[[100,-47.129629629629626,0],[0,39.62962962962963,0],[100,-27.12962962962963,0],[0,45,0]],"native_resolution":[2160,1080]}