{"bbox_matrix":[[100,-29.72222222222218,0],[0,3.4259259259259265,0],[100,-20.555555555555536,0],[0,11.296296296296296,0]],"native_resolution":[2160,1080]}