{"bbox_matrix":[[50,-19.62962962962961,0],[0,19.90740740740741,0],[50,19.629629629629694,0],[0,81.2962962962963,0]],"native_resolution":[1920,1080]}