{"bbox_matrix":[[100,-15.833333333333332,0],[0,69.72222222222224,0],[100,-11.574074074074074,0],[0,73.98148148148151,0]],"native_resolution":[2160,1080]}