{"bbox_matrix":[[0,6.944444444444434,0],[0,3.6111111111111107,0],[0,15.277777777777779,0],[0,10.925925925925926,0]],"native_resolution":[2160,1080]}