{"bbox_matrix":[[0,10.833333333333336,0],[0,23.148148148148152,0],[0,63.14814814814815,0],[0,77.03703703703707,0]],"native_resolution":[1920,1080]}