{"bbox_matrix":[[50,25.64814814814815,0],[0,2.0370370370370376,0],[50,34.53703703703704,0],[0,4.074074074074074,0]],"native_resolution":[2160,1080]}