{"bbox_matrix":[[50,38.24074074074074,0],[0,2.037037037037037,0],[50,47.129629629629626,0],[0,4.074074074074074,0]],"native_resolution":[2160,1080]}