{"bbox_matrix":[[50,-21.85185185185185,0],[0,1.4814814814814816,0],[50,11.851851851851853,0],[0,6.944444444444445,0]],"native_resolution":[2160,1080]}