{"bbox_matrix":[[50,-34.074074074074076,0],[0,1.4814814814814818,0],[50,23.796296296296298,0],[0,7.037037037037042,0]],"native_resolution":[2160,1080]}