{"bbox_matrix":[[0,59.44444444444444,0],[0,90.55555555555556,0],[0,81.2962962962963,0],[0,97.68518518518519,0]],"native_resolution":[2160,1080]}