{"bbox_matrix":[[100,-17.59259259259257,0],[0,1.2962962962962963,0],[100,-4.907407407407365,0],[0,7.5,0]],"native_resolution":[2160,1080]}