{"bbox_matrix":[[0,28.703703703703702,0],[0,91.66666666666666,0],[0,40.09259259259259,0],[0,98.51851851851852,0]],"native_resolution":[2160,1080]}