{"bbox_matrix":[[0,31.20370370370371,0],[0,90.92592592592594,0],[0,39.074074074074076,0],[0,94.62962962962965,0]],"native_resolution":[2160,1080]}