{"bbox_matrix":[[100,-24.537037037037038,0],[0,90.83333333333333,0],[100,-3.5185185185185186,0],[0,97.31481481481481,0]],"native_resolution":[2160,1080]}