{"bbox_matrix":[[50.15625,0,0],[0,89.9074074074074,0],[100,0,0],[0,100,0]],"native_resolution":[1920,1080]}