{"bbox_matrix":[[100,-14.629629629629628,0],[0,16.574074074074076,0],[100,-6.111111111111111,0],[0,22.407407407407405,0]],"native_resolution":[2160,1080]}