{"bbox_matrix":[[100,-57.22222222222222,0],[0,13.981481481481481,0],[100,-12.222222222222221,0],[0,29.07407407407408,0]],"native_resolution":[2160,1080]}