{"bbox_matrix":[[100,-14.722222222222223,0],[0,9.907407407407408,0],[100,-6.296296296296296,0],[0,15.925925925925927,0]],"native_resolution":[2160,1080]}