{"bbox_matrix":[[100,-14.629629629629628,0],[0,9.814814814814815,0],[100,0,0],[0,15.925925925925927,0]],"native_resolution":[2160,1080]}