{"bbox_matrix":[[0,2.685185185185185,0],[0,32.96296296296297,0],[0,15.925925925925938,0],[0,40.27777777777779,0]],"native_resolution":[2160,1080]}