{"bbox_matrix":[[0,2.8703703703703702,0],[0,11.759259259259263,0],[0,32.68518518518518,0],[0,21.85185185185185,0]],"native_resolution":[2160,1080]}