{"bbox_matrix":[[0,0,0],[0,92.87037037037037,0],[0,20.462962962962962,0],[0,100,0]],"native_resolution":[2160,1080]}