{"bbox_matrix":[[100,-16.944444444444446,0],[0,2.7777777777777777,0],[100,-10.185185185185185,0],[0,7.962962962962964,0]],"native_resolution":[2160,1080]}