{"bbox_matrix":[[0,0,0],[0,23.42592592592595,0],[0,7.592592592592593,0],[0,51.57407407407407,0]],"native_resolution":[2160,1080]}