{"bbox_matrix":[[90,-12.40740741,0],[0,78.33333333333333,0],[90,12.03703704,0],[0,83.14814814814817,0]],"native_resolution":[2160,1080]}