{"bbox_matrix":[[100,-32.77777777777778,0],[0,79.44444444444446,0],[100,-4.907407407407407,0],[0,85.3703703703704,0]],"native_resolution":[2160,1080]}