{"bbox_matrix":[[100,-32.407407407407405,0],[0,78.33333333333333,0],[100,-7.962962962962964,0],[0,83.14814814814815,0]],"native_resolution":[2160,1080]}