{"bbox_matrix":[[100,-32.77777777777778,0],[0,81.20370370370371,0],[100,-4.907407407407407,0],[0,87.12962962962963,0]],"native_resolution":[2160,1080]}