{"bbox_matrix":[[50,8.425925925925926,0],[0,11.851851851851855,0],[50,13.425925925925927,0],[0,16.944444444444446,0]],"native_resolution":[2160,1080]}