{"bbox_matrix":[[50,51.85185185185185,0],[0,11.851851851851855,0],[50,56.2962962962963,0],[0,16.85185185185186,0]],"native_resolution":[2160,1080]}