{"bbox_matrix":[[100,-43.611111111111114,0],[0,4.027777777777778,0],[100,-31.38888888888889,0],[0,7.5,0]],"native_resolution":[1280,720]}